,animal_cat,animal_dog,animal_rat,animal_name_ari,animal_name_ava,animal_name_bear,animal_name_coco,animal_name_willard,breed,education,rand_num,weight
0,1.224744871391589,-0.816496580927726,-0.49999999999999994,1.9999999999999998,-0.5,-0.5,-0.49999999999999994,-0.49999999999999994,-0.392232270276368,-0.392232270276368,-1.414213562373095,-0.48197897496024894
1,-0.816496580927726,1.224744871391589,-0.49999999999999994,-0.49999999999999994,-0.5,-0.5,1.9999999999999998,-0.49999999999999994,0.5883484054145521,0.5883484054145521,-0.7071067811865475,0.15220388682955238
2,-0.816496580927726,-0.816496580927726,1.9999999999999998,-0.49999999999999994,-0.5,-0.5,-0.49999999999999994,1.9999999999999998,-1.372812945967288,-1.372812945967288,0.0,-1.0738829792973967
3,1.224744871391589,-0.816496580927726,-0.49999999999999994,-0.49999999999999994,2.0,-0.5,-0.49999999999999994,-0.49999999999999994,-0.392232270276368,-0.392232270276368,0.7071067811865475,-0.4397001175075955
4,-0.816496580927726,1.224744871391589,-0.49999999999999994,-0.49999999999999994,-0.5,2.0,-0.49999999999999994,-0.49999999999999994,1.5689290811054721,1.5689290811054721,1.414213562373095,1.843358184935689
